id,avg_pace,pace_group,pace_color,total_tracks,total_tracks_group,total_tracks_color,list_tracks,map_tooltip,map_popup,geometry
215,17.85,From 15 to 30 min/km,#f768a1,1,Less than 25 tracks,#ffffb2,[115347710],Edge <b>215</b>,"<div style=""font-size: 10px;"">
                        <b>Edge 215</b><br>
                        <ul style=""padding-left: 16px; margin: 4px 0;"">
                            <li><b>Total registered tracks</b>: 1</li>
                            <li><b>Average pace</b>: 17:51 min/km</li>
                        </ul></div>","LINESTRING (2.3529654 41.8214379, 2.3530866 41.8215458, 2.3533012 41.8217457, 2.3534514 41.8218336, 2.3537625 41.8219776, 2.3539127 41.8220815, 2.3540415 41.8222494, 2.3541166 41.8224893, 2.3542131 41.8227451, 2.3542346 41.822929, 2.3543311 41.8231129, 2.3544813 41.8232008, 2.3546637 41.8233687, 2.3548461 41.8233847, 2.3549105 41.8235286, 2.3548998 41.8237045, 2.3547603 41.8239044, 2.3548206 41.8239234, 2.3550822 41.8238405, 2.3552967 41.8236726, 2.3555542 41.8235926, 2.3558654 41.8234647, 2.3561443 41.8233607, 2.3563723 41.8231369, 2.3565171 41.8230029, 2.3567183 41.822843, 2.3568631 41.822781, 2.3569543 41.8227647, 2.357472 41.822795, 2.3578556 41.822915, 2.3581399 41.8230649, 2.3583759 41.8230649, 2.3585798 41.8230649, 2.3587729 41.8231049, 2.3589875 41.8231289, 2.3591055 41.8231049, 2.3592771 41.822977, 2.3594595 41.8227611, 2.3595265 41.8227051, 2.3595937 41.8226651, 2.3596527 41.8225952, 2.3597653 41.8226052, 2.3598806 41.8226832, 2.3599477 41.8227531, 2.3599852 41.8228411, 2.3600818 41.822873, 2.3601247 41.8230489, 2.3601222 41.8232061, 2.3602211 41.8234105, 2.3602587 41.8235094, 2.3603143 41.8234973, 2.3603637 41.8235413, 2.3605169 41.8236162, 2.3605587 41.8238218, 2.3605861 41.8240563, 2.3605861 41.8241922, 2.3604573 41.8242802, 2.3600818 41.8244881, 2.3599209 41.824608, 2.3597157 41.8247589, 2.3595225 41.8247868, 2.359481 41.8248558, 2.3593281 41.8248918, 2.3593308 41.8249467, 2.3593321 41.8250017, 2.3591967 41.8250297, 2.3591899 41.8250717, 2.3593844 41.8251516, 2.3595883 41.8251836, 2.3597492 41.8252556, 2.3598887 41.8253435, 2.3600603 41.8254475, 2.359996 41.8255114, 2.3599209 41.8255434, 2.3601998 41.8257033, 2.3602427 41.8257593, 2.3602642 41.8258552, 2.3604037 41.8259112, 2.3604251 41.8260711, 2.3605048 41.8261243, 2.3606371 41.8262153, 2.3607832 41.8263151, 2.3609186 41.8264228, 2.3610367 41.8265348, 2.3610934 41.8266726, 2.3610771 41.8269497, 2.3611837 41.8271271, 2.3613421 41.8272981, 2.3614075 41.8273244, 2.3615573 41.8274012, 2.3619051 41.8275425, 2.3622178 41.8276552, 2.3623966 41.8277503, 2.3625387 41.8278219, 2.3626353 41.8279018, 2.3627104 41.8280058, 2.3626889 41.8281017, 2.3626031 41.8281497, 2.3624754 41.8282963, 2.3623778 41.8284455, 2.3623708 41.8285116, 2.3623657 41.8285641, 2.3623992 41.8286134, 2.3625172 41.8288452, 2.362646 41.8290371, 2.3628391 41.829197, 2.3631073 41.8293329, 2.3634185 41.8296047, 2.3638154 41.8299244, 2.3641909 41.8302442, 2.3645557 41.830612, 2.3647488 41.8308997, 2.3649527 41.8312195, 2.3650707 41.8314673, 2.3650452 41.8317015, 2.3651315 41.8318313, 2.365205 41.8319122, 2.3651877 41.8319533, 2.3651646 41.8319991)"
216,16.14,From 15 to 30 min/km,#f768a1,1,Less than 25 tracks,#ffffb2,[115347710],Edge <b>216</b>,"<div style=""font-size: 10px;"">
                        <b>Edge 216</b><br>
                        <ul style=""padding-left: 16px; margin: 4px 0;"">
                            <li><b>Total registered tracks</b>: 1</li>
                            <li><b>Average pace</b>: 16:08 min/km</li>
                        </ul></div>","LINESTRING (2.3529654 41.8214379, 2.3527899 41.821441, 2.3526732 41.8214218, 2.3525581 41.8213703, 2.3524873 41.8213202, 2.3524458 41.8212759)"
217,17.85,From 15 to 30 min/km,#f768a1,1,Less than 25 tracks,#ffffb2,[115347710],Edge <b>217</b>,"<div style=""font-size: 10px;"">
                        <b>Edge 217</b><br>
                        <ul style=""padding-left: 16px; margin: 4px 0;"">
                            <li><b>Total registered tracks</b>: 1</li>
                            <li><b>Average pace</b>: 17:51 min/km</li>
                        </ul></div>","LINESTRING (2.3529654 41.8214379, 2.3531358 41.8214643, 2.3536037 41.8215596, 2.3539755 41.8216634, 2.3541074 41.8217045, 2.3543392 41.8217822, 2.3545436 41.8219317, 2.3546786 41.8220151, 2.3547721 41.8219778, 2.3547163 41.821929, 2.3546951 41.8219089, 2.3546739 41.8218916, 2.3546758 41.8218069, 2.3546777 41.821738, 2.3546623 41.8217179, 2.354643 41.8216978, 2.354618 41.8216777, 2.3545949 41.8216619, 2.3545698 41.8216446, 2.3545428 41.8216303, 2.3545159 41.8216174, 2.3544889 41.8216044, 2.3544581 41.8215944, 2.3544272 41.8215786, 2.3543983 41.8215657, 2.3543694 41.8215499, 2.3543444 41.8215355, 2.3543193 41.8215154, 2.3542962 41.8214924, 2.3542769 41.8214709, 2.354275 41.8214465, 2.354275 41.8214221, 2.3542808 41.8213977, 2.3542981 41.821369, 2.3543078 41.8213445, 2.3543232 41.821323, 2.3543424 41.8213015, 2.3543733 41.8212828, 2.3544022 41.8212684, 2.3544311 41.8212526, 2.3544696 41.8212383, 2.3545004 41.8212282, 2.3545332 41.8212211, 2.3545679 41.8212211, 2.3546026 41.8212254, 2.3546373 41.8212325, 2.3546719 41.8212426, 2.3547047 41.8212512, 2.3547394 41.821257, 2.3547721 41.8212555, 2.3548068 41.8212526, 2.3548492 41.821244, 2.3548837 41.8212408, 2.3549286 41.8211898, 2.3549097 41.8211441, 2.3549073 41.8211071, 2.3549333 41.8210649, 2.3549711 41.8210403, 2.3550749 41.8209999)"
218,17.85,From 15 to 30 min/km,#f768a1,1,Less than 25 tracks,#ffffb2,[115347710],Edge <b>218</b>,"<div style=""font-size: 10px;"">
                        <b>Edge 218</b><br>
                        <ul style=""padding-left: 16px; margin: 4px 0;"">
                            <li><b>Total registered tracks</b>: 1</li>
                            <li><b>Average pace</b>: 17:51 min/km</li>
                        </ul></div>","LINESTRING (2.3524458 41.8212759, 2.3523721 41.8212437, 2.3523009 41.8211398, 2.3522836 41.8210737, 2.3523381 41.8209701, 2.3523591 41.8209335, 2.3522967 41.8208898, 2.352264 41.8208378, 2.3522212 41.8207996, 2.3522093 41.820746, 2.3522186 41.8206716, 2.3522831 41.8204085, 2.3523291 41.8203102, 2.3523463 41.8202106, 2.3523567 41.8200976, 2.3523855 41.8199599, 2.3524609 41.8198869, 2.3524724 41.8197796, 2.3525148 41.8196761, 2.3524628 41.8195371, 2.3524633 41.819468, 2.3525055 41.8193985, 2.3525412 41.8193537, 2.3525999 41.8193109, 2.352703 41.8192751, 2.3527859 41.8192108, 2.352947 41.8191622, 2.3529496 41.8190974, 2.3528739 41.8190528, 2.3528018 41.8190102, 2.3525716 41.8189473, 2.3524667 41.8188421, 2.3523579 41.8188188, 2.352265 41.8188524, 2.3521758 41.8189094, 2.3520481 41.8188915, 2.3519277 41.8188312, 2.3518172 41.8188413, 2.3516597 41.8188273, 2.3514987 41.8187714, 2.3513485 41.8187474, 2.3511983 41.8187314, 2.3510995 41.818701, 2.3510303 41.8186958, 2.350855 41.8186834, 2.3508049 41.818635, 2.3507584 41.8185954, 2.3507048 41.8186114, 2.3506082 41.8186994, 2.3505701 41.8187611, 2.3505151 41.8188113, 2.3504366 41.8189153, 2.3503259 41.8189635, 2.3502245 41.8190504, 2.3500718 41.8190752, 2.3499431 41.8190352)"
219,23.77,From 15 to 30 min/km,#f768a1,1,Less than 25 tracks,#ffffb2,[115347710],Edge <b>219</b>,"<div style=""font-size: 10px;"">
                        <b>Edge 219</b><br>
                        <ul style=""padding-left: 16px; margin: 4px 0;"">
                            <li><b>Total registered tracks</b>: 1</li>
                            <li><b>Average pace</b>: 23:46 min/km</li>
                        </ul></div>","LINESTRING (2.3524458 41.8212759, 2.3524537 41.8212354, 2.352474 41.8212088, 2.3525448 41.8211325, 2.3526965 41.82092, 2.3527253 41.8208524)"
236,14.18,Less than 15 min/km,#ae017e,2,Less than 25 tracks,#ffffb2,"[115347710, 115347710]",Edge <b>236</b>,"<div style=""font-size: 10px;"">
                        <b>Edge 236</b><br>
                        <ul style=""padding-left: 16px; margin: 4px 0;"">
                            <li><b>Total registered tracks</b>: 2</li>
                            <li><b>Average pace</b>: 14:11 min/km</li>
                        </ul></div>","LINESTRING (2.3615539 41.8357357, 2.3615425 41.8363116, 2.3615065 41.8365524, 2.3615448 41.8366864, 2.3616122 41.8368127, 2.3618038 41.8370928, 2.3619471 41.8372356, 2.3621144 41.83736, 2.3622758 41.8374319, 2.3624567 41.8374658, 2.3627945 41.8375011, 2.3630926 41.8374783, 2.3632264 41.8374714, 2.3633198 41.8374406, 2.3634214 41.837349, 2.363499 41.8371907, 2.3635589 41.8369634, 2.3636031 41.8367099, 2.3636715 41.8363418, 2.3637277 41.8362521, 2.3638158 41.8362252, 2.3639207 41.8361981, 2.3640411 41.8361988, 2.3641116 41.8362178, 2.364181 41.8362718, 2.3643766 41.8366674, 2.3645047 41.836923, 2.3646288 41.8371705, 2.3647331 41.8376483, 2.3648245 41.8380213, 2.364958 41.8385607, 2.3651403 41.8389137, 2.3655626 41.8396029, 2.366069 41.8404127)"
249,16.63,From 15 to 30 min/km,#f768a1,1,Less than 25 tracks,#ffffb2,[115347710],Edge <b>249</b>,"<div style=""font-size: 10px;"">
                        <b>Edge 249</b><br>
                        <ul style=""padding-left: 16px; margin: 4px 0;"">
                            <li><b>Total registered tracks</b>: 1</li>
                            <li><b>Average pace</b>: 16:38 min/km</li>
                        </ul></div>","LINESTRING (2.3651646 41.8319991, 2.3652296 41.8320461, 2.3653704 41.8321069, 2.3654734 41.8321977, 2.3656163 41.8323997, 2.3657503 41.8324801, 2.3658193 41.8325278)"
406,17.85,From 15 to 30 min/km,#f768a1,1,Less than 25 tracks,#ffffb2,[115347710],Edge <b>406</b>,"<div style=""font-size: 10px;"">
                        <b>Edge 406</b><br>
                        <ul style=""padding-left: 16px; margin: 4px 0;"">
                            <li><b>Total registered tracks</b>: 1</li>
                            <li><b>Average pace</b>: 17:51 min/km</li>
                        </ul></div>","LINESTRING (2.3788758 41.8090893, 2.3779609 41.8088506, 2.377299 41.8088404, 2.3764377 41.8086154, 2.3755901 41.8085215, 2.3744019 41.8088513, 2.3736063 41.8091704, 2.3728196 41.8097517)"
407,17.85,From 15 to 30 min/km,#f768a1,1,Less than 25 tracks,#ffffb2,[115347710],Edge <b>407</b>,"<div style=""font-size: 10px;"">
                        <b>Edge 407</b><br>
                        <ul style=""padding-left: 16px; margin: 4px 0;"">
                            <li><b>Total registered tracks</b>: 1</li>
                            <li><b>Average pace</b>: 17:51 min/km</li>
                        </ul></div>","LINESTRING (2.3788758 41.8090893, 2.379171 41.809022)"
414,16.76,From 15 to 30 min/km,#f768a1,1,Less than 25 tracks,#ffffb2,[115347710],Edge <b>414</b>,"<div style=""font-size: 10px;"">
                        <b>Edge 414</b><br>
                        <ul style=""padding-left: 16px; margin: 4px 0;"">
                            <li><b>Total registered tracks</b>: 1</li>
                            <li><b>Average pace</b>: 16:46 min/km</li>
                        </ul></div>","LINESTRING (2.3728196 41.8097517, 2.3726179 41.8098167, 2.3724448 41.8098968)"
416,28.93,From 15 to 30 min/km,#f768a1,1,Less than 25 tracks,#ffffb2,[115347710],Edge <b>416</b>,"<div style=""font-size: 10px;"">
                        <b>Edge 416</b><br>
                        <ul style=""padding-left: 16px; margin: 4px 0;"">
                            <li><b>Total registered tracks</b>: 1</li>
                            <li><b>Average pace</b>: 28:56 min/km</li>
                        </ul></div>","LINESTRING (2.3728196 41.8097517, 2.3735577 41.8095721, 2.3740537 41.8094427, 2.3746444 41.8095637, 2.3757295 41.8096875, 2.3759536 41.8097098, 2.3761627 41.8097988, 2.3762971 41.8098155, 2.3764838 41.8099937, 2.3767975 41.810066, 2.3770141 41.8100605, 2.3773204 41.8099791)"
420,15.78,From 15 to 30 min/km,#f768a1,1,Less than 25 tracks,#ffffb2,[115347710],Edge <b>420</b>,"<div style=""font-size: 10px;"">
                        <b>Edge 420</b><br>
                        <ul style=""padding-left: 16px; margin: 4px 0;"">
                            <li><b>Total registered tracks</b>: 1</li>
                            <li><b>Average pace</b>: 15:47 min/km</li>
                        </ul></div>","LINESTRING (2.3596432 41.8170098, 2.3597503 41.8168799, 2.3597928 41.8167862)"
421,21.57,From 15 to 30 min/km,#f768a1,1,Less than 25 tracks,#ffffb2,[115347710],Edge <b>421</b>,"<div style=""font-size: 10px;"">
                        <b>Edge 421</b><br>
                        <ul style=""padding-left: 16px; margin: 4px 0;"">
                            <li><b>Total registered tracks</b>: 1</li>
                            <li><b>Average pace</b>: 21:34 min/km</li>
                        </ul></div>","LINESTRING (2.3596432 41.8170098, 2.3595582 41.8170859, 2.3594724 41.8171159, 2.359268 41.8171428, 2.3589982 41.8171979, 2.3585202 41.8173607, 2.3582841 41.817525, 2.3582182 41.817609, 2.3581479 41.817756, 2.3581001 41.8178054, 2.3580889 41.8178488, 2.3580272 41.8179194, 2.3580017 41.8180256, 2.357833 41.8182026, 2.3577349 41.8182672, 2.3576657 41.8183641, 2.3575093 41.8185183, 2.3572842 41.8187595, 2.357031 41.8190006, 2.3568111 41.8191801, 2.3567408 41.8192576, 2.3566815 41.819399, 2.3565735 41.8196876, 2.3565456 41.8197809, 2.3564866 41.8198257, 2.3564479 41.8199501, 2.3563278 41.8200508, 2.3563034 41.8201438, 2.3561593 41.8202646, 2.3559612 41.8203787)"
424,23.83,From 15 to 30 min/km,#f768a1,1,Less than 25 tracks,#ffffb2,[115347710],Edge <b>424</b>,"<div style=""font-size: 10px;"">
                        <b>Edge 424</b><br>
                        <ul style=""padding-left: 16px; margin: 4px 0;"">
                            <li><b>Total registered tracks</b>: 1</li>
                            <li><b>Average pace</b>: 23:50 min/km</li>
                        </ul></div>","LINESTRING (2.3574752 41.8136047, 2.3574017 41.8136609, 2.357239 41.8138259, 2.3570492 41.8140294, 2.3569458 41.8141403, 2.356875 41.8141802, 2.3567873 41.8142072, 2.3566048 41.8142317, 2.3564758 41.8142685, 2.3563909 41.8143198, 2.3562907 41.8143911, 2.356162 41.8145263, 2.3561097 41.8145996, 2.3560676 41.814655, 2.3559716 41.8148659, 2.3559512 41.814953, 2.3559555 41.815002, 2.3559915 41.8150656, 2.3561127 41.8151416, 2.3561347 41.8151918, 2.3561321 41.8152484, 2.3560975 41.8152696, 2.3559392 41.8153665, 2.355749 41.8155118, 2.355647 41.8156337, 2.3555632 41.8156975, 2.3553619 41.8158136, 2.355151 41.8160064, 2.3550865 41.8160974, 2.3550747 41.8161736, 2.3551121 41.8163029, 2.3551768 41.8164594, 2.3551991 41.8165131, 2.3551782 41.8165754, 2.3551079 41.8166972, 2.3550134 41.8169049, 2.3549652 41.8169623, 2.3548998 41.8170101, 2.3547845 41.8170866, 2.3547142 41.8171465, 2.3546509 41.8172293, 2.3546326 41.817309, 2.3546185 41.8174355, 2.3546278 41.8175947, 2.354608 41.8176841, 2.3545044 41.8178987, 2.3544896 41.8179842, 2.3544948 41.8180334, 2.3546275 41.8182815, 2.3546466 41.8183482, 2.3546409 41.8184053, 2.3544803 41.8186469, 2.3544105 41.8187965, 2.3543657 41.8189258, 2.3543971 41.8192725, 2.3543821 41.8193504, 2.3543418 41.8194007, 2.3537435 41.8197518, 2.35357 41.8199101, 2.3533965 41.8200572, 2.3531407 41.8202033, 2.3529729 41.8203334, 2.3529021 41.8204129, 2.3528281 41.8206112, 2.3527253 41.8208524)"
443,26.14,From 15 to 30 min/km,#f768a1,1,Less than 25 tracks,#ffffb2,[115347710],Edge <b>443</b>,"<div style=""font-size: 10px;"">
                        <b>Edge 443</b><br>
                        <ul style=""padding-left: 16px; margin: 4px 0;"">
                            <li><b>Total registered tracks</b>: 1</li>
                            <li><b>Average pace</b>: 26:08 min/km</li>
                        </ul></div>","LINESTRING (2.3559612 41.8203787, 2.3556604 41.820483, 2.3554118 41.8205677, 2.3552577 41.8206381, 2.355144 41.8206883, 2.3550188 41.82074, 2.3548608 41.8208003, 2.3548145 41.8208377, 2.3547964 41.8209101)"
446,17.85,From 15 to 30 min/km,#f768a1,1,Less than 25 tracks,#ffffb2,[115347710],Edge <b>446</b>,"<div style=""font-size: 10px;"">
                        <b>Edge 446</b><br>
                        <ul style=""padding-left: 16px; margin: 4px 0;"">
                            <li><b>Total registered tracks</b>: 1</li>
                            <li><b>Average pace</b>: 17:51 min/km</li>
                        </ul></div>","LINESTRING (2.3527253 41.8208524, 2.3527925 41.820824, 2.3528232 41.8207202, 2.3528775 41.820685, 2.3529153 41.820736, 2.352953 41.8207606, 2.3529884 41.8208433, 2.3530191 41.8208204, 2.3530427 41.8208521, 2.3530781 41.8208415, 2.3531702 41.8207888, 2.353267 41.8207853, 2.3533189 41.820875, 2.3533873 41.8208855, 2.3533944 41.8209365, 2.3534369 41.8209612, 2.3534723 41.82094, 2.3534935 41.8209594, 2.3535266 41.8209471, 2.353595 41.8209612, 2.3536234 41.8209471, 2.3536965 41.82097, 2.3537437 41.8209576, 2.3538051 41.8209911, 2.3538665 41.8209911, 2.3539609 41.8209664, 2.3540482 41.8208838, 2.3540765 41.8208908, 2.354204 41.820984, 2.354237 41.8208873, 2.3543055 41.8208855, 2.3543597 41.8208468, 2.354414 41.8207888, 2.3544565 41.8207624, 2.3545179 41.8207378, 2.3545391 41.820729, 2.3545793 41.8207642, 2.3546595 41.8207606, 2.3547114 41.8208275, 2.3547704 41.8208627, 2.3547964 41.8209101)"
947,12.87,Less than 15 min/km,#ae017e,1,Less than 25 tracks,#ffffb2,[115347710],Edge <b>947</b>,"<div style=""font-size: 10px;"">
                        <b>Edge 947</b><br>
                        <ul style=""padding-left: 16px; margin: 4px 0;"">
                            <li><b>Total registered tracks</b>: 1</li>
                            <li><b>Average pace</b>: 12:52 min/km</li>
                        </ul></div>","LINESTRING (2.3745889 41.845891, 2.3747149 41.8460517, 2.3749668 41.8460564, 2.3751883 41.8460041)"
948,12.22,Less than 15 min/km,#ae017e,1,Less than 25 tracks,#ffffb2,[115347710],Edge <b>948</b>,"<div style=""font-size: 10px;"">
                        <b>Edge 948</b><br>
                        <ul style=""padding-left: 16px; margin: 4px 0;"">
                            <li><b>Total registered tracks</b>: 1</li>
                            <li><b>Average pace</b>: 12:13 min/km</li>
                        </ul></div>","LINESTRING (2.3745889 41.845891, 2.3744011 41.8457594, 2.3739791 41.845757, 2.3737482 41.8458334, 2.3736499 41.8459417, 2.3734532 41.8460659, 2.3731637 41.846096, 2.3726836 41.845999, 2.3724955 41.8458621, 2.3723742 41.8457371, 2.372115 41.845499, 2.3719251 41.845429, 2.3713164 41.8452641, 2.3707297 41.8450817, 2.3704237 41.8448848)"
1246,13.49,Less than 15 min/km,#ae017e,1,Less than 25 tracks,#ffffb2,[115347710],Edge <b>1246</b>,"<div style=""font-size: 10px;"">
                        <b>Edge 1246</b><br>
                        <ul style=""padding-left: 16px; margin: 4px 0;"">
                            <li><b>Total registered tracks</b>: 1</li>
                            <li><b>Average pace</b>: 13:29 min/km</li>
                        </ul></div>","LINESTRING (2.3669927 41.8395492, 2.3670504 41.8396772, 2.3672194 41.8398053, 2.3674118 41.8399356, 2.3674818 41.8400073, 2.3674818 41.8400681, 2.3674235 41.840118, 2.3672602 41.840118, 2.3671349 41.8401071, 2.3670263 41.8400718)"
1247,13.39,Less than 15 min/km,#ae017e,1,Less than 25 tracks,#ffffb2,[115347710],Edge <b>1247</b>,"<div style=""font-size: 10px;"">
                        <b>Edge 1247</b><br>
                        <ul style=""padding-left: 16px; margin: 4px 0;"">
                            <li><b>Total registered tracks</b>: 1</li>
                            <li><b>Average pace</b>: 13:23 min/km</li>
                        </ul></div>","LINESTRING (2.3669927 41.8395492, 2.3669046 41.8393493, 2.3668813 41.8391647, 2.3668317 41.8388215, 2.3667968 41.8386913, 2.3666539 41.8384263, 2.3666015 41.8381766, 2.3666044 41.8379073, 2.3665665 41.8377097, 2.3664149 41.8374708, 2.3663625 41.8373665)"
1248,11.47,Less than 15 min/km,#ae017e,1,Less than 25 tracks,#ffffb2,[115347710],Edge <b>1248</b>,"<div style=""font-size: 10px;"">
                        <b>Edge 1248</b><br>
                        <ul style=""padding-left: 16px; margin: 4px 0;"">
                            <li><b>Total registered tracks</b>: 1</li>
                            <li><b>Average pace</b>: 11:28 min/km</li>
                        </ul></div>","LINESTRING (2.366069 41.8404127, 2.3662389 41.8406966, 2.3662488 41.8407426, 2.3662327 41.8408295, 2.366159 41.8409534, 2.3659404 41.8411542, 2.3655353 41.841387, 2.3653918 41.8414819, 2.3653355 41.8415418, 2.3653181 41.8416208, 2.3654016 41.8418808, 2.3656868 41.8425738, 2.3657999 41.8426442, 2.3665988 41.843141)"
1249,15.76,From 15 to 30 min/km,#f768a1,2,Less than 25 tracks,#ffffb2,"[115347710, 115347710]",Edge <b>1249</b>,"<div style=""font-size: 10px;"">
                        <b>Edge 1249</b><br>
                        <ul style=""padding-left: 16px; margin: 4px 0;"">
                            <li><b>Total registered tracks</b>: 2</li>
                            <li><b>Average pace</b>: 15:46 min/km</li>
                        </ul></div>","LINESTRING (2.366069 41.8404127, 2.3661869 41.8402521, 2.3664667 41.8401956, 2.3666678 41.840163, 2.366799 41.8401522, 2.366936 41.8400848, 2.3670263 41.8400718)"
1250,28.72,From 15 to 30 min/km,#f768a1,1,Less than 25 tracks,#ffffb2,[115347710],Edge <b>1250</b>,"<div style=""font-size: 10px;"">
                        <b>Edge 1250</b><br>
                        <ul style=""padding-left: 16px; margin: 4px 0;"">
                            <li><b>Total registered tracks</b>: 1</li>
                            <li><b>Average pace</b>: 28:43 min/km</li>
                        </ul></div>","LINESTRING (2.3663625 41.8373665, 2.3663625 41.8372015, 2.3662517 41.8369517, 2.3661701 41.8367976, 2.3661264 41.8366195, 2.366138 41.8364609, 2.3661322 41.8363328, 2.3661118 41.8362503, 2.3658738 41.8361082, 2.3655638 41.8359745, 2.365523 41.8358681, 2.3654239 41.8356987, 2.3653918 41.8354055, 2.3653539 41.8352296, 2.3653685 41.8351036, 2.365316 41.8349603, 2.3653539 41.8348213, 2.3653976 41.8347235, 2.365421 41.8345324, 2.365421 41.8343847, 2.3655055 41.8341437, 2.3654851 41.8339135, 2.3654967 41.8336355, 2.3655346 41.833414, 2.365593 41.8332687, 2.3657241 41.8331794, 2.3659573 41.8331142, 2.3660839 41.8330628, 2.3661468 41.8330187, 2.3662582 41.8329809, 2.3662838 41.8328905, 2.3662367 41.8327821, 2.3661797 41.8327447, 2.3659136 41.832593, 2.3658193 41.8325278)"
1311,15.39,From 15 to 30 min/km,#f768a1,1,Less than 25 tracks,#ffffb2,[115347710],Edge <b>1311</b>,"<div style=""font-size: 10px;"">
                        <b>Edge 1311</b><br>
                        <ul style=""padding-left: 16px; margin: 4px 0;"">
                            <li><b>Total registered tracks</b>: 1</li>
                            <li><b>Average pace</b>: 15:23 min/km</li>
                        </ul></div>","LINESTRING (2.387055 41.8050826, 2.387135 41.805014, 2.3871753 41.8049811, 2.3874832 41.8048624, 2.3878088 41.8046526, 2.3878438 41.8046252, 2.3878895 41.8044618, 2.3880081 41.8043113, 2.3880301 41.8042087, 2.3880472 41.8039217, 2.3880035 41.8037873, 2.3880105 41.8037292, 2.3880672 41.803691, 2.3881857 41.8037029, 2.3883043 41.8037438, 2.3885432 41.8039548, 2.3886883 41.804092, 2.3889931 41.8044059, 2.3892132 41.8046334, 2.389334 41.8047809, 2.3894011 41.8049403, 2.389444 41.8050936, 2.3896503 41.8050487, 2.3898194 41.8049684, 2.3899521 41.8048674, 2.3900312 41.8047554, 2.3901352 41.8046842, 2.3904616 41.8048596, 2.3906202 41.8050014, 2.3909203 41.8050454)"
1312,17.85,From 15 to 30 min/km,#f768a1,1,Less than 25 tracks,#ffffb2,[115347710],Edge <b>1312</b>,"<div style=""font-size: 10px;"">
                        <b>Edge 1312</b><br>
                        <ul style=""padding-left: 16px; margin: 4px 0;"">
                            <li><b>Total registered tracks</b>: 1</li>
                            <li><b>Average pace</b>: 17:51 min/km</li>
                        </ul></div>","LINESTRING (2.387055 41.8050826, 2.3870015 41.8051823, 2.3869679 41.8052257, 2.3869142 41.805291, 2.3868508 41.8053558, 2.3868143 41.8054546, 2.386728 41.8055541, 2.3865535 41.8056897, 2.3863538 41.8057944, 2.3863311 41.8058371, 2.3861663 41.8059416, 2.3859322 41.806348, 2.3858764 41.8064176, 2.385731 41.8065788, 2.3854795 41.8067302, 2.38536 41.806823, 2.38527 41.8069118, 2.3852575 41.8069715, 2.3851111 41.8071104, 2.3850465 41.8071374, 2.3849939 41.8071949, 2.3849619 41.8072813, 2.3849246 41.8073096, 2.3848769 41.8073744, 2.3846707 41.807442, 2.3845568 41.8076024, 2.3842431 41.8077801, 2.3841899 41.8078438, 2.3840669 41.8079075, 2.3837771 41.8080691, 2.3836318 41.8080852, 2.3834839 41.8081152, 2.3833406 41.8081837, 2.3831636 41.8083209, 2.3830792 41.8084136, 2.3828486 41.808561, 2.3827725 41.8086467, 2.3827479 41.8086943, 2.3826197 41.8087579)"
1545,19.2,From 15 to 30 min/km,#f768a1,1,Less than 25 tracks,#ffffb2,[115347710],Edge <b>1545</b>,"<div style=""font-size: 10px;"">
                        <b>Edge 1545</b><br>
                        <ul style=""padding-left: 16px; margin: 4px 0;"">
                            <li><b>Total registered tracks</b>: 1</li>
                            <li><b>Average pace</b>: 19:12 min/km</li>
                        </ul></div>","LINESTRING (2.382529 41.8087986, 2.382343 41.808838)"
1546,12.83,Less than 15 min/km,#ae017e,1,Less than 25 tracks,#ffffb2,[115347710],Edge <b>1546</b>,"<div style=""font-size: 10px;"">
                        <b>Edge 1546</b><br>
                        <ul style=""padding-left: 16px; margin: 4px 0;"">
                            <li><b>Total registered tracks</b>: 1</li>
                            <li><b>Average pace</b>: 12:50 min/km</li>
                        </ul></div>","LINESTRING (2.382529 41.8087986, 2.3815301 41.8086475, 2.381229 41.8087158, 2.3809 41.808727, 2.3806326 41.8087869, 2.3802344 41.8088092, 2.3795676 41.8089322, 2.379171 41.809022)"
1547,19.4,From 15 to 30 min/km,#f768a1,1,Less than 25 tracks,#ffffb2,[115347710],Edge <b>1547</b>,"<div style=""font-size: 10px;"">
                        <b>Edge 1547</b><br>
                        <ul style=""padding-left: 16px; margin: 4px 0;"">
                            <li><b>Total registered tracks</b>: 1</li>
                            <li><b>Average pace</b>: 19:24 min/km</li>
                        </ul></div>","LINESTRING (2.379171 41.809022, 2.379328 41.809084, 2.379408 41.809088, 2.379653 41.809056, 2.3797883 41.8090775)"
1549,20.95,From 15 to 30 min/km,#f768a1,1,Less than 25 tracks,#ffffb2,[115347710],Edge <b>1549</b>,"<div style=""font-size: 10px;"">
                        <b>Edge 1549</b><br>
                        <ul style=""padding-left: 16px; margin: 4px 0;"">
                            <li><b>Total registered tracks</b>: 1</li>
                            <li><b>Average pace</b>: 20:57 min/km</li>
                        </ul></div>","LINESTRING (2.382343 41.808838, 2.381771 41.808949, 2.3815582 41.8089876, 2.3813104 41.8090904, 2.38112 41.809164, 2.3809799 41.8091767)"
1613,17.67,From 15 to 30 min/km,#f768a1,1,Less than 25 tracks,#ffffb2,[115347710],Edge <b>1613</b>,"<div style=""font-size: 10px;"">
                        <b>Edge 1613</b><br>
                        <ul style=""padding-left: 16px; margin: 4px 0;"">
                            <li><b>Total registered tracks</b>: 1</li>
                            <li><b>Average pace</b>: 17:40 min/km</li>
                        </ul></div>","LINESTRING (2.3695943 41.8436299, 2.3695406 41.8435579, 2.3692831 41.843518, 2.3690203 41.843514, 2.368913 41.84349, 2.3687682 41.843522, 2.3686877 41.843542)"
1614,15.2,From 15 to 30 min/km,#f768a1,1,Less than 25 tracks,#ffffb2,[115347710],Edge <b>1614</b>,"<div style=""font-size: 10px;"">
                        <b>Edge 1614</b><br>
                        <ul style=""padding-left: 16px; margin: 4px 0;"">
                            <li><b>Total registered tracks</b>: 1</li>
                            <li><b>Average pace</b>: 15:12 min/km</li>
                        </ul></div>","LINESTRING (2.3686877 41.843542, 2.3686126 41.843486, 2.3685214 41.8434181, 2.3684463 41.8433302, 2.3683658 41.8432422, 2.3682424 41.8431543, 2.3681083 41.8431064, 2.3679152 41.8430824, 2.3677865 41.8430864, 2.3673841 41.8430864, 2.3672071 41.8430304, 2.3670676 41.8429945, 2.3669496 41.8430025, 2.3665988 41.843141)"
1615,23.5,From 15 to 30 min/km,#f768a1,1,Less than 25 tracks,#ffffb2,[115347710],Edge <b>1615</b>,"<div style=""font-size: 10px;"">
                        <b>Edge 1615</b><br>
                        <ul style=""padding-left: 16px; margin: 4px 0;"">
                            <li><b>Total registered tracks</b>: 1</li>
                            <li><b>Average pace</b>: 23:30 min/km</li>
                        </ul></div>","LINESTRING (2.3686877 41.843542, 2.3686293 41.843582, 2.368632 41.843642, 2.3686802 41.8437888, 2.3687419 41.8438987, 2.368805 41.8440076, 2.3688268 41.8441254, 2.3687942 41.8441914, 2.3688439 41.8442354, 2.3689391 41.8443393, 2.3689444 41.8444512, 2.3690075 41.8445231, 2.3691391 41.8445371)"
1616,19.87,From 15 to 30 min/km,#f768a1,1,Less than 25 tracks,#ffffb2,[115347710],Edge <b>1616</b>,"<div style=""font-size: 10px;"">
                        <b>Edge 1616</b><br>
                        <ul style=""padding-left: 16px; margin: 4px 0;"">
                            <li><b>Total registered tracks</b>: 1</li>
                            <li><b>Average pace</b>: 19:52 min/km</li>
                        </ul></div>","LINESTRING (2.3665988 41.843141, 2.367342 41.8435867, 2.3674336 41.8441173, 2.3675828 41.844467, 2.3678009 41.8446581, 2.3678392 41.8447472, 2.3677795 41.8448524, 2.3675529 41.845018, 2.3675443 41.8451465, 2.3687904 41.8459085, 2.3690579 41.8461456, 2.3693358 41.8463975, 2.3693615 41.8464864, 2.3693016 41.8466265, 2.3691349 41.8467507, 2.3690365 41.8468781, 2.3690793 41.8469565, 2.3692418 41.8469832, 2.3694299 41.846824, 2.3695488 41.8466016, 2.3695068 41.8464449, 2.3694299 41.846308, 2.369276 41.8460341, 2.3687415 41.8453779, 2.3687659 41.8453249, 2.3688142 41.845241, 2.3688997 41.8451932, 2.3690964 41.8450849, 2.3692135 41.8449318, 2.3692011 41.8447266, 2.3691391 41.8445371)"
1617,13.41,Less than 15 min/km,#ae017e,1,Less than 25 tracks,#ffffb2,[115347710],Edge <b>1617</b>,"<div style=""font-size: 10px;"">
                        <b>Edge 1617</b><br>
                        <ul style=""padding-left: 16px; margin: 4px 0;"">
                            <li><b>Total registered tracks</b>: 1</li>
                            <li><b>Average pace</b>: 13:25 min/km</li>
                        </ul></div>","LINESTRING (2.3665988 41.843141, 2.3655076 41.8427096, 2.3653007 41.8425949, 2.3650941 41.842487, 2.3649171 41.8423311, 2.3646757 41.8423032, 2.364547 41.8422133, 2.3643458 41.8420954, 2.3641339 41.8418815, 2.3639971 41.8418736, 2.3638442 41.8418296, 2.3636699 41.8416957, 2.3635706 41.8415658, 2.3635116 41.8414719, 2.3633534 41.841414, 2.3632219 41.841372, 2.363171 41.8412741, 2.3631442 41.8411602, 2.3630449 41.8410863, 2.3628893 41.8408841, 2.362678 41.8408696, 2.3623551 41.8408866, 2.3620443 41.8408653, 2.3617333 41.8408165, 2.3615831 41.8407206, 2.3614463 41.8405847, 2.3613739 41.8404628, 2.3613095 41.8403989)"
1860,20.79,From 15 to 30 min/km,#f768a1,1,Less than 25 tracks,#ffffb2,[115347710],Edge <b>1860</b>,"<div style=""font-size: 10px;"">
                        <b>Edge 1860</b><br>
                        <ul style=""padding-left: 16px; margin: 4px 0;"">
                            <li><b>Total registered tracks</b>: 1</li>
                            <li><b>Average pace</b>: 20:47 min/km</li>
                        </ul></div>","LINESTRING (2.3799586 41.8091045, 2.380105 41.809152, 2.3801844 41.8091877, 2.3802814 41.8091766, 2.3804521 41.8092005, 2.3809177 41.8091823, 2.3809799 41.8091767)"
1966,14.47,Less than 15 min/km,#ae017e,1,Less than 25 tracks,#ffffb2,[115347710],Edge <b>1966</b>,"<div style=""font-size: 10px;"">
                        <b>Edge 1966</b><br>
                        <ul style=""padding-left: 16px; margin: 4px 0;"">
                            <li><b>Total registered tracks</b>: 1</li>
                            <li><b>Average pace</b>: 14:28 min/km</li>
                        </ul></div>","LINESTRING (2.3691391 41.8445371, 2.3691562 41.8443937, 2.369199 41.8443189, 2.36924 41.844277, 2.3694206 41.8442153, 2.3695453 41.8442409, 2.3696144 41.844277, 2.3697078 41.8444383, 2.3698382 41.8445833, 2.3702367 41.8447889, 2.3704237 41.8448848)"
2112,15.39,From 15 to 30 min/km,#f768a1,1,Less than 25 tracks,#ffffb2,[115347710],Edge <b>2112</b>,"<div style=""font-size: 10px;"">
                        <b>Edge 2112</b><br>
                        <ul style=""padding-left: 16px; margin: 4px 0;"">
                            <li><b>Total registered tracks</b>: 1</li>
                            <li><b>Average pace</b>: 15:23 min/km</li>
                        </ul></div>","LINESTRING (2.3663305 41.8138499, 2.366253 41.813858, 2.366186 41.813866, 2.366119 41.81387, 2.366052 41.81387, 2.365945 41.813862, 2.365867 41.813847, 2.365782 41.813789, 2.365799 41.813702, 2.365739 41.813694, 2.365678 41.813702, 2.365622 41.813725, 2.365344 41.813835, 2.36498 41.813912, 2.364713 41.813996, 2.364434 41.814053, 2.364225 41.814079, 2.36415 41.814087, 2.364075 41.814087, 2.364001 41.814072, 2.363918 41.814022, 2.363854 41.813999, 2.363789 41.813996, 2.363432 41.814045, 2.363344 41.814075, 2.363117 41.81422, 2.36289 41.814365, 2.362736 41.814507, 2.362521 41.814724, 2.362296 41.814888, 2.362036 41.814999, 2.361925 41.815064, 2.361847 41.815132, 2.3617 41.815426, 2.361555 41.815601, 2.361415 41.81575, 2.361379 41.815785, 2.361334 41.815815, 2.361189 41.815895, 2.361036 41.815991, 2.360966 41.816101, 2.360824 41.81625, 2.360752 41.816345, 2.360688 41.816399, 2.360328 41.816593, 2.360057 41.816708, 2.3597928 41.8167862)"
2113,17.85,From 15 to 30 min/km,#f768a1,1,Less than 25 tracks,#ffffb2,[115347710],Edge <b>2113</b>,"<div style=""font-size: 10px;"">
                        <b>Edge 2113</b><br>
                        <ul style=""padding-left: 16px; margin: 4px 0;"">
                            <li><b>Total registered tracks</b>: 1</li>
                            <li><b>Average pace</b>: 17:51 min/km</li>
                        </ul></div>","LINESTRING (2.3597928 41.8167862, 2.3598067 41.8167557, 2.3598908 41.816452, 2.3600786 41.8158338, 2.3601146 41.8157846, 2.360438 41.8156313, 2.3606172 41.8154424, 2.3607787 41.8152958, 2.36088 41.815036, 2.3611033 41.8147172, 2.3612453 41.814516, 2.3613725 41.8144118, 2.3617644 41.8140606, 2.3619046 41.8137269, 2.3619245 41.8136447, 2.361888 41.8135365, 2.3619183 41.8134905, 2.3619121 41.8133566, 2.3619395 41.8133089, 2.3620833 41.8130796, 2.3621907 41.8129888, 2.3623574 41.8128568, 2.3624281 41.8127631, 2.3625425 41.812538, 2.362617 41.812476, 2.3629158 41.8122152, 2.3632341 41.8120462)"
2228,12.73,Less than 15 min/km,#ae017e,1,Less than 25 tracks,#ffffb2,[115347710],Edge <b>2228</b>,"<div style=""font-size: 10px;"">
                        <b>Edge 2228</b><br>
                        <ul style=""padding-left: 16px; margin: 4px 0;"">
                            <li><b>Total registered tracks</b>: 1</li>
                            <li><b>Average pace</b>: 12:44 min/km</li>
                        </ul></div>","LINESTRING (2.3658193 41.8325278, 2.3653703 41.8325812, 2.364702 41.8329194, 2.3640877 41.8330271)"
2556,20.03,From 15 to 30 min/km,#f768a1,1,Less than 25 tracks,#ffffb2,[115347710],Edge <b>2556</b>,"<div style=""font-size: 10px;"">
                        <b>Edge 2556</b><br>
                        <ul style=""padding-left: 16px; margin: 4px 0;"">
                            <li><b>Total registered tracks</b>: 1</li>
                            <li><b>Average pace</b>: 20:02 min/km</li>
                        </ul></div>","LINESTRING (2.3724448 41.8098968, 2.3723894 41.8099225, 2.3718564 41.8101868, 2.371169 41.8106079, 2.3709957 41.8106479, 2.3707329 41.8107319, 2.3705118 41.810812, 2.3702871 41.810931, 2.3701133 41.811036, 2.3698322 41.8111343, 2.3697367 41.8111556, 2.3696315 41.8111515, 2.3695033 41.8111318, 2.3692914 41.8111278, 2.3691686 41.8111541, 2.3689342 41.8112472, 2.3688505 41.8112672, 2.3687472 41.8112786, 2.368637 41.811244, 2.3685367 41.8112209, 2.3684117 41.8112315, 2.3683017 41.8112616, 2.3681676 41.8113304, 2.368004 41.8113852, 2.3677787 41.8114219, 2.3675936 41.8114355, 2.3674217 41.811425, 2.3671135 41.8114377)"
2557,16.56,From 15 to 30 min/km,#f768a1,1,Less than 25 tracks,#ffffb2,[115347710],Edge <b>2557</b>,"<div style=""font-size: 10px;"">
                        <b>Edge 2557</b><br>
                        <ul style=""padding-left: 16px; margin: 4px 0;"">
                            <li><b>Total registered tracks</b>: 1</li>
                            <li><b>Average pace</b>: 16:34 min/km</li>
                        </ul></div>","LINESTRING (2.3671135 41.8114377, 2.3667598 41.8114522, 2.3664681 41.8114387, 2.3659833 41.8115354, 2.3654833 41.8116585, 2.3645974 41.8116423, 2.3642265 41.8117723, 2.3638639 41.8118191, 2.3633274 41.8119967, 2.3632341 41.8120462)"
